Quanto tempo permaneceu no projeto?,"Após sua participação no Edubot, você continuou atuando no Laboratório de Robótica e Automação (LARA) ou no Laboratório de Controle de Sistemas de Controle (LARSIS)? ","Atualmente, você atua profissionalmente ou academicamente em áreas relacionadas à robótica, automação ou tecnologia? ",Sua participação no projeto influenciou sua permanência na área de robótica ou automação?,"Após o Edubot, você ingressou em programas de pós-graduação?","Se sim, em qual área?","Você considera que sua experiência no projeto contribuiu para oportunidades acadêmicas posteriores, como iniciação científica, pesquisa ou pós-graduação? ",O projeto ajudou no desenvolvimento de habilidades importantes para sua carreira profissional?,"Se sim, quais?",Você acredita que a experiência com extensão universitária impactou sua formação?,O contato com ensino e atividades em escolas influenciou sua visão sobre educação ou divulgação científica? ,"Você manteve contato com atividades de ensino, extensão ou divulgação tecnológica após o projeto? ",Como você avalia hoje o impacto do projeto na sua trajetória acadêmica e profissional? ,Você recomendaria a participação no Edubot para estudantes interessados em robótica e extensão? 
1 semestre,Não,"Sim, academicamente",3,Não,,Não,Não,,3,Não,Não,3,Sim
2 semestres,Não,"Sim, profissionalmente",3,Sim,Sistemas de informação ,Sim,Sim,,5,Sim,Sim,5,Sim
2 semestres,Sim,"Sim, academicamente",5,Sim,Controle e Automação,Sim,Sim,"Programação em Arduino, ensino de robótica, manutenção de robôs didáticos",5,Não,Sim,5,Sim
2 semestres,Sim,"Sim, academicamente",5,Não,,Sim,Sim,"Gestão de pessoas, organização pessoal e de equipe, lógica de programação, desenvolvimento de autonomia e oportunidades de network",5,Sim,Sim,5,Sim
2 semestres,Não,Não,5,Não,"Ainda não, mas acabo de me formar e estou buscando oportunidades de Mestrado. Então espero que ajude. ",Sim,Sim,"Além dos conceitos de róbotica e programação que o projeto se porpõe, foi possível desenvolver outras habilidades ao passar esse tipo de informação a outras pesssoas. ",5,Sim,Sim,5,Sim
2 semestres,Não,"Sim, profissionalmente",3,Não,,Não,Sim,"Comunicação, acertividade, pensamento abstrato e lógica para programação.",5,Sim,Não,5,Sim
3 ou mais semestres,Não,"Sim, profissionalmente",3,Não,,Sim,Sim,"Lógica de programação.
Soft skills como comunicação e paciencia. Repassar a informação de forma clara e sem brechas para ambiguidades. ",5,Sim,Sim,5,Sim
2 semestres,Não,"Sim, profissionalmente",3,Não,,Não,Sim,,5,Sim,Não,5,Sim
3 ou mais semestres,Sim,"Sim, profissionalmente",5,Não,,Sim,Sim,"* Liderança: ""Foi minha primeira experiência de liderança, aprendi que liderança formal, ter um cargo, não garante nada em termos de acertar nas decisões ou mesmo de garantir que as pessoas te sigam. Para mim foi preciso levantar as mangas e eu mesmo ir dar aula para entender o que cada pessoa passava e assim auxiliar na formação do conteúdo das aulas e ajuda com os vários bugs do robô. Também foi onde percebi que gerenciar mais do que 20 pessoas sem ter uma experiência é bem difícil, com o tempo você perde noção de quem está fazendo o que é fica complicado de acompanhar. A verdadeira liderança não é um cargo, é lutar por uma ideia e puxar as pessoas no rumo dela. Nisto o líder nem sempre é quem estar a frente, mas aquele que no momento necessário ajuda a segurar a chama e conduzir as pessoas.""
* Gestão de processos e pessoas: ""Gerenciar equipes não é só usar um programa ou framework bonito, é preciso ativamente trabalhar na cultura e na relação das pessoas entre si. Na época, havia acabado de aprender sobre Kanban e achava que o trello resolveria todos os meus problemas. Montei várias boards coloridas que no fim eram pouco usadas, já que as tarefas de rotina não demandavam tanta alteração e o controle dos robôs não era tão prático de manter. Coisas simples como marcar momentos para conversar com cada um era bem mais efetivas. Sem que houvesse momentos em que cada pessoa pudesse se conhecer além das tarefas nada ia para frente e projeto desandava. ""
* Gestão de conhecimento: ""Uma geração bem sucedida é aquela capaz de gerar netos. Aprendi que para garantir a continuidade daquilo que construía, seja na liderança do projeto, seja nos valores era preciso garantir que as pessoas no projeto fossem capazes de capacitar e selecionar novas pessoas para o projeto. Em uma primeira tentativa para buscar uma pessoa para assumir a liderança do projeto achei uma pessoa muito boa, mas que ficou pouco, pois havia passado em outro processo seletivo logo em seguida e nisto o projeto ficou orfão. Com isto, montei um plano: assumi o projeto, montei um processo seletivo para trazer mais pessoas e capacitei uma pessoa para seguir como próximo da gestão. Assim que ele entrou já abrimos outro processo seletivo e buscamos o próximo para seguir depois dele. Quando efetivamente esta pessoa assumiu que deixei de participar ativamente no projeto.""
* Ensino: ""Construí uma forma de ensinar baseado no jogo Flow (https://en.wikipedia.org/wiki/Flow_(video_game) inspirado num conceito de Mihaly Csikszentmihalyi de deixar os alunos guiarem a dificuldade da aula. Preparava a aula com exercícios em vários níveis de complexidade e deixava a turma ir avançando de forma livre. A mesma aula era apresentada para alunos de engenharia, alunos de ensino médio e alunos de ensino fundamental. O que mudava era o quão rápido avançavam nos exercícios. Para alunos que se destacam eu ia passando desafios para irem fazendo além do geral. A ideia era garantir que aula não fosse nunca muito fácil ou muito difícil a ponto da turma não gostar.""
* Extensão: ""Acredito que um trabalho social é uma entrega de vida, tudo que é, fez ou faz durante o contato com os alunos é parte da entrega. A maneira como lidar com as divergências, o conhecimento que traz e a forma e o entusiamo que apresenta. Ao entrar numa sala, não dá para separar o eu educador do eu pessoa ( https://www.youtube.com/watch?v=SX8n-rYo_W0 )
* Engenharia: ""Controle é a tecnologia oculta. Os conceitos de automação são super poderosos, dá para fazer tanto com muito pouco: um simples controle proporcional ( https://www.youtube.com/watch?v=A-fxij3zM7g ) e uma máquina de estados permite construir comportamentos bem complexos com muito pouco esforço. Na época consegui montar um código de demonstração ( https://github.com/IEEE-RAS-UnB/edubot/blob/master/Projetos/Edubot_Demo/Edubot_Demo.ino ) que permitia controlar o robô manualmente ou alternar entre alguns modos autônomos para fugir da luz ou seguir linha. Ficou bem modular então era bem prático para apresentar nos eventos e continha todos os conceitos que tinha a intenção de levar nas aulas na época.
* Maturidade: ""A tragédia da vida é que envelhecemos cedo demais e ficamos sábios tarde demais"" por isto a gestão do conhecimento é super importante para garantir que cheguemos além do que cada indivíduo conseguiria sozinho. O projeto Edubot foi uma escola para mim, onde tenho certeza que errei bastante... mas foi também um laboratório aonde pode desenvolver tantos na maturidade profissional num forma nenhuma matéria permitiu. O ensino acadêmico é muito passivo, mas o mundo é dinâmico só sendo agente ativo que se descobre o mundo.
.. Com o olhar de hoje, seguiria certamente de uma forma completamente diferente, talvez mais focado na capacitação de novas pessoas e como multiplicador de conhecimento. De trazer no projeto a capacidade de plantar sementes em várias escolas ao invés de puxar toda a frente de robótica em cada lugar. Com tanta escola pública sem a inclusão do ensino de tecnologia parece sempre tão pouco... Gostaria de descobrir a resposta para alcançar mais pessoas. Tentamos tantas vezes olhar para fora, fazer apostilas ou cadastrar todo mundo da ferramenta de gestão da vez, e no fim esquecemos que parte do produto da Edubot era também a transformação de cada um que participou. ",5,Sim,Sim,5,Sim
3 ou mais semestres,Não,"Sim, academicamente",3,Não,,Sim,Sim,,4,Sim,Não,4,Sim
3 ou mais semestres,Não,"Sim, profissionalmente",4,Sim,Engenharia de segurança; Gestão; Economia,Sim,Sim,"Gestão de pessoas e projetos, fui um dos coordenadores do projeto; organização e cumprimento de prazos.",5,Sim,Não,5,Sim
2 semestres,Sim,"Sim, academicamente",5,Não,,Sim,Sim,"Didática, comunicação e trabalho em equipe",5,Sim,Sim,5,Sim
2 semestres,Sim,"Sim, academicamente",4,Não,,Sim,Sim,Soft skills num geral ,5,Sim,Sim,5,Sim
2 semestres,Sim,"Sim, academicamente",4,Não,,Sim,Sim,Habilidades de comunicação e trabalho em equipe!,5,Sim,Sim,5,Sim
2 semestres,Sim,"Sim, profissionalmente",4,Sim,Ciência da computação ,Não,Sim,"Desenvoltura, familiaridade com a sala de aula, compostura, preparação de aulas/apresentação ",5,Sim,Não,5,Sim
3 ou mais semestres,Não,Não,3,Não,,Sim,Sim,"Comunicação, Liderança, Planejamento e trabalho em equipe.",5,Sim,Sim,5,Sim
3 ou mais semestres,Sim,"Sim, academicamente",5,Não,,Sim,Não,,5,Sim,Sim,4,Sim
2 semestres,Sim,"Sim, academicamente",4,Sim,Ciencia da Computacao,Sim,Sim,Ensino,4,Sim,Sim,5,Sim
3 ou mais semestres,Não,"Sim, profissionalmente",5,Sim,Data Science e Machine Learning,Sim,Sim,"O projeto me ajudou a desenvolver habilidades didáticas para públicos com diferentes contextos e backgrounds. Foi nesse projeto que entendi o quanto eu me sentia bem ao ensinar. Com isso, lecionei matérias de robótica também na UnB-Gama e em outras instituições privadas de ensino superior.",5,Sim,Sim,5,Sim
3 ou mais semestres,Não,"Sim, profissionalmente",3,Não,,Sim,Sim,"Compartilhamento de conhecimento técnico, trabalho em equipe, coordenação de atividades, entre outras.",5,Sim,Sim,5,Sim
2 semestres,Não,"Sim, profissionalmente",5,Sim,Pós Graduação em Informática PPGI,Sim,Sim,,5,Sim,Sim,5,Sim
3 ou mais semestres,Não,Não,3,Não,,Sim,Sim,"Desenvolvimento de habilidades de oratória, convivência e comprometimento com atribuições, programação e lógica de programação, manipulação de componentes eletrônicos e etc.",5,Sim,Não,5,Sim
2 semestres,Não,"Sim, academicamente",3,Não,,Não,Sim,Trabalho em equipe ,5,Sim,Não,4,Sim
3 ou mais semestres,Sim,"Sim, academicamente",5,Não,,Sim,Sim,Programação e atividades administrativas ,5,Sim,Sim,5,Sim
3 ou mais semestres,Não,"Sim, profissionalmente",4,Sim,Mestrado em Computação - PPGI,Sim,Sim,"Comunicação, Trabalho em equipe, Criação de material didático",5,Sim,Sim,5,Sim
2 semestres,Sim,"Sim, academicamente",5,Não,,Sim,Sim,"Comunicação, trabalho em equipe, proatividade e liderança.",5,Sim,Sim,5,Sim
3 ou mais semestres,Não,"Sim, academicamente",3,Sim,Interação Humano-Computador,Sim,Sim,"Gerência, organização, didática, conhecimentos técnicos",5,Sim,Não,5,Sim
1 semestre,Não,Não,3,Não,"Sim. O projeto desenvolveu habilidades como comunicação, organização, trabalho em equipe, liderança, resolução de problemas e adaptação da linguagem, competências importantes para minha atuação profissional.",Não,Sim,Auxiliou ,5,Sim,Não,3,Sim
1 semestre,Não,"Sim, profissionalmente",5,Sim,Tecnologia ,Sim,Sim,"Comunicação, didática, conhecimentos técnicos.",5,Sim,Sim,5,Sim