Timestamp,Email Address,Column 2,Em qual tipo de escola você estuda?,Em qual Região Adiministrativa (RA) você mora?,Quanto tempo demora o seu trajeto até a escola?,Qual meio de transporte utilizado?,Você trabalha enquanto não está na escola?,Pretende fazer ensino superior?,"Se sim, em qual tipo de instituição?",Qual área de estudo pretende seguir?,Algum responsável possui ensino superior?,"Se sim, em qual área?",Já teve contato com Robótica?,Já teve contato com programação?,Seus responsáveis incentivam você a continuar estudando após o ensino médio?,Seus responsáveis incentivam você a entrar para o mercado de trabalho logo após o término do ensino médio?,Pretende trabalhar logo que sair da escola?,Você participa de alguma atividade extracurricular?,"Se sim, qual?"
5/26/2026 20:56:08,pedrocarneiromuniz@gmail.com,Li e estou de acordo com o TCLE acima.,Pública,Águas Claras,21-40 minutos,Transporte Particular,Não,Sim,Pública,Exatas,Sim,Exatas,Sim,Sim,5,4,Não,Sim,Língua Japonesa; Basquete
5/26/2026 20:57:22,brunocparaujo@gmail.com,Li e estou de acordo com o TCLE acima.,Pública,Plano Piloto,21-40 minutos,Transporte Público,Não,Sim,Pública,Exatas,Sim,Exatas,Sim,Sim,5,2,Não,Sim,"Comissao de alunos, Agremiação estudantil, Cursos onlines de programação e esportes"
5/26/2026 21:01:30,bibisoares424@gmail.com,Li e estou de acordo com o TCLE acima.,Pública,Planaltina,1-20 minutos,Transporte Público,Não,Sim,Pública,Humanas,Não,Exatas,Não,Não,5,4,Sim,Sim,Emancipa 
5/26/2026 21:06:32,mikaelyrosal63@gmail.com,Li e estou de acordo com o TCLE acima.,Pública,Planaltina,21-40 minutos,Transporte Público,Sim,Sim,Pública,Exatas,Sim,Saúde,Não,Não,3,5,Sim,Não,nada
5/26/2026 21:14:00,stelafederman09@gmail.com,Li e estou de acordo com o TCLE acima.,Particular,Sudoeste/Octogonal,1-20 minutos,Transporte Particular,Não,Sim,Pública,Humanas,Sim,Humanas,Não,Não,5,3,Não,Não,nenhuma 
5/26/2026 21:14:14,vanessailiyoliveira@gmail.com,Li e estou de acordo com o TCLE acima.,Pública,Santa Maria,21-40 minutos,Transporte Público,Não,Sim,Pública,Saúde,Não,Exatas,Não,Não,3,2,Sim,Sim,Cil (inglês)
5/26/2026 21:15:34,danilolbs28@gmail.com,Li e estou de acordo com o TCLE acima.,Particular,Sudoeste/Octogonal,1-20 minutos,Transporte Particular,Não,Sim,Pública,Biológicas,Sim,Exatas,Sim,Sim,5,4,Sim,Sim,"Futebol, basquete"
5/26/2026 21:18:38,daviportugalfigueiredo@gmail.com,Li e estou de acordo com o TCLE acima.,Pública,Jardim Botânico,1-20 minutos,Transporte Público,Sim,Sim,Pública,Exatas,Sim,Biológicas,Sim,Sim,5,5,Sim,Sim,Senac 
5/26/2026 21:18:46,gabriellydiastavares284@gmail.com,Li e estou de acordo com o TCLE acima.,Pública,Planaltina,21-40 minutos,Transporte Público,Sim,Sim,Pública,Humanas,Sim,Humanas,Sim,Sim,5,5,Sim,Não,não 
5/26/2026 21:20:42,cleitusemnome@gmail.com,Li e estou de acordo com o TCLE acima.,Particular,Jardim Botânico,1-20 minutos,Transporte Particular,Não,Sim,Pública,Humanas,Sim,Exatas,Sim,Sim,5,2,Não,Não,Não faço 
5/26/2026 21:27:42,manoelarbsb20@gmail.com,Li e estou de acordo com o TCLE acima.,Particular,Sudoeste/Octogonal,1-20 minutos,Transporte Particular,Não,Sim,Particular,Humanas,Sim,Biológicas,Sim,Sim,5,3,Não,Sim,Aulas de Espanhol
5/26/2026 21:29:07,rafaelnoliveira2018@gmail.com,Li e estou de acordo com o TCLE acima.,Particular,Guará,21-40 minutos,Transporte Particular,Não,Sim,Pública,Exatas,Sim,Humanas,Sim,Sim,5,2,Não,Sim,Teatro
5/26/2026 21:31:02,laurareginadeoliveiragoes@carmensalles.com.br,Li e estou de acordo com o TCLE acima.,Particular,Plano Piloto,1-20 minutos,Transporte Particular,Não,Sim,Pública,Biológicas,Sim,Humanas,Não,Não,5,2,Sim,Não,Não faço 
5/26/2026 21:34:27,luizgustavo28.paula@gmail.com,Li e estou de acordo com o TCLE acima.,Particular,Candangolândia,1-20 minutos,Transporte Particular,Não,Sim,Pública,Humanas,Sim,Humanas,Sim,Não,5,5,Sim,Sim,Em um Clube de Artes da minha escola 
5/26/2026 21:34:38,marinacastlac@gmail.com,Li e estou de acordo com o TCLE acima.,Particular,Cruzeiro,1-20 minutos,Transporte Particular,Não,Sim,Pública,Biológicas,Sim,Saúde,Sim,Não,5,3,Não,Sim,
5/26/2026 21:44:55,bragadossantoslaura@gmail.com,Li e estou de acordo com o TCLE acima.,Particular,Plano Piloto,1-20 minutos,Transporte Particular,Não,Sim,Pública,Biológicas,Sim,Exatas,Não,Sim,5,3,Não,Sim,"Vôlei, inglês e academia "
5/26/2026 21:45:24,joaoe050809@gmail.com,Li e estou de acordo com o TCLE acima.,Particular,Arniqueira,21-40 minutos,Transporte Particular,Não,Sim,Pública,Humanas,Sim,Exatas,Não,Sim,4,3,Sim,Sim,Teatro
5/26/2026 21:46:22,mahitacatarina@gmail.com,Li e estou de acordo com o TCLE acima.,Particular,Lago Sul,1-20 minutos,Transporte Particular,Não,Sim,Particular,Saúde,Sim,Humanas,Sim,Sim,5,5,Sim,Sim,
5/26/2026 21:52:43,anastrobi@icloud.com,Li e estou de acordo com o TCLE acima.,Particular,Jardim Botânico,1-20 minutos,Transporte Particular,Não,Sim,Particular,Humanas,Sim,Humanas,Sim,Sim,5,3,Sim,Sim,"Nado artistico, aulas de alemão, aulas de inglês"
5/26/2026 22:10:50,helenapmunizabrantes@gmail.com,Li e estou de acordo com o TCLE acima.,Particular,Planaltina,Uma hora ou mais,Transporte Particular,Não,Sim,Pública,Saúde,Sim,Humanas,Não,Não,5,5,Sim,Sim,Eu faço dança na escola em que estudo
5/26/2026 22:20:41,gabrielabreu1204@gmail.com,Li e estou de acordo com o TCLE acima.,Particular,Plano Piloto,1-20 minutos,Transporte Particular,Não,Sim,Pública,Exatas,Sim,Humanas,Não,Não,5,1,Não,Sim,Cursinho 
5/26/2026 22:33:51,abfmpaiva@gmail.com,Li e estou de acordo com o TCLE acima.,Particular,Guará,1-20 minutos,Transporte Particular,Não,Sim,Pública,Humanas,Não,,Não,Não,5,5,Sim,Não,
5/26/2026 22:42:12,nvwiller@gmail.com,Li e estou de acordo com o TCLE acima.,Particular,Plano Piloto,1-20 minutos,Transporte Particular,Não,Sim,Pública,Exatas,Sim,Exatas,Sim,Não,5,2,Não,Sim,"Academia, grupo jovem de pastoral, música, reforço de redação, serenata de Natal (ensaios)"
5/26/2026 22:43:07,jordanasantanabinotti26@gmail.com,Li e estou de acordo com o TCLE acima.,Particular,Plano Piloto,1-20 minutos,Transporte Particular,Não,Sim,Particular,Humanas,Sim,Exatas,Não,Não,5,2,Não,Sim,Teatro
5/26/2026 22:58:02,luizgabrielfurioso@gmail.com,Li e estou de acordo com o TCLE acima.,Particular,Lago Sul,21-40 minutos,Transporte Particular,Não,Sim,Pública,Biológicas,Sim,Biológicas,Sim,Sim,5,4,Não,Sim,Música
5/26/2026 23:40:08,sosoneis11@gmail.com,Li e estou de acordo com o TCLE acima.,Pública,Plano Piloto,21-40 minutos,Transporte Público,Sim,Sim,Pública,Saúde,Não,,Não,Não,4,4,Sim,Não,
5/27/2026 6:26:46,tiagoleaoalmeida@gmail.com,Li e estou de acordo com o TCLE acima.,Particular,Plano Piloto,1-20 minutos,Transporte Particular,Não,Sim,Pública,Saúde,Sim,Exatas,Sim,Sim,4,2,Não,Sim,Escalada
5/27/2026 6:31:05,marinacavbrown@gmail.com,Li e estou de acordo com o TCLE acima.,Particular,Park Way,21-40 minutos,Transporte Particular,Não,Sim,Pública,Saúde,Sim,Humanas,Sim,Sim,5,3,Sim,Não,P.
5/27/2026 7:30:11,klaytonrosa@gmail.com,Li e estou de acordo com o TCLE acima.,Particular,Plano Piloto,21-40 minutos,Transporte Particular,Sim,Sim,Pública,Humanas,Sim,Saúde,Sim,Sim,5,5,Sim,Sim,Atividades esportivas
5/27/2026 7:31:45,juliameneses.brasil@gmail.com,Li e estou de acordo com o TCLE acima.,Particular,Plano Piloto,1-20 minutos,Transporte Particular,Não,Sim,Pública,Saúde,Sim,Saúde,Não,Não,5,3,Sim,Sim,Dança 
5/27/2026 8:58:44,julianabarrosvilar@gmail.com,Li e estou de acordo com o TCLE acima.,Particular,Lago Norte,1-20 minutos,Transporte Particular,Não,Sim,Particular,Biológicas,Sim,Exatas,Não,Não,5,5,Sim,Sim,Violão 
5/27/2026 9:01:07,carneiroclara071@gmail.com,Li e estou de acordo com o TCLE acima.,Particular,Jardim Botânico,21-40 minutos,Transporte Particular,Não,Sim,Pública,Humanas,Sim,Saúde,Não,Não,5,4,Não,Sim,Jornalismo da escola e volei
5/27/2026 11:34:53,valentinaromanoff2009@gmail.com,Li e estou de acordo com o TCLE acima.,Particular,Sudoeste/Octogonal,21-40 minutos,Transporte Particular,Não,Sim,Pública,Humanas,Sim,Biológicas,Sim,Sim,5,2,Não,Sim,"Clube de artes, clube de teatro."
5/27/2026 14:19:29,artur.assis.pinto@gmail.com,Li e estou de acordo com o TCLE acima.,Particular,Sudoeste/Octogonal,1-20 minutos,Transporte Particular,Não,Sim,Particular,Exatas,Sim,Exatas,Não,Sim,4,5,Sim,Não,
5/27/2026 14:29:38,melsousafagundes@gmail.com,Li e estou de acordo com o TCLE acima.,Particular,Plano Piloto,1-20 minutos,Transporte Particular,Não,Sim,Pública,Biológicas,Sim,Exatas,Não,Sim,5,5,Sim,Sim,Dança
5/27/2026 14:52:52,2average.pineapple@gmail.com,Li e estou de acordo com o TCLE acima.,Particular,Lago Sul,21-40 minutos,Transporte Particular,Não,Sim,Particular,Humanas,Sim,Saúde,Sim,Sim,4,3,Não,Sim,
5/27/2026 15:53:43,anita.reis.medeiros@gmail.com,Li e estou de acordo com o TCLE acima.,Particular,Plano Piloto,1-20 minutos,Transporte Particular,Não,Sim,Pública,Humanas,Sim,Humanas,Sim,Sim,1,1,Não,Sim,"Aula de canto, aula de natação "
5/27/2026 16:45:57,marcellocappobianco@gmail.com,Li e estou de acordo com o TCLE acima.,Particular,Águas Claras,21-40 minutos,Transporte Particular,Não,Sim,Pública,Exatas,Sim,Saúde,Não,Não,5,3,Não,Sim,Pastoral
5/27/2026 16:46:22,gabriel.h.lopes@soulasalle.com.br,Li e estou de acordo com o TCLE acima.,Particular,Plano Piloto,1-20 minutos,Transporte Particular,Não,Sim,Particular,Humanas,Sim,Exatas,Não,Não,4,4,Sim,Não,
5/27/2026 16:48:37,julio.jesus@soulasalle.com.br,Li e estou de acordo com o TCLE acima.,Particular,Paronoá,41 - 60 minutos,Transporte Público,Não,Talvez,Pública,Humanas,Sim,Exatas,Sim,Não,5,5,Sim,Não,
5/27/2026 17:25:05,pauloricardobarros52@gmail.com,Li e estou de acordo com o TCLE acima.,Particular,Plano Piloto,1-20 minutos,Transporte Particular,Não,Sim,Pública,Exatas,Sim,Saúde,Sim,Sim,4,5,Não,Não,
5/27/2026 19:14:49,gabrielasantos2286@gmail.com,Li e estou de acordo com o TCLE acima.,Particular,Vicente Pires,21-40 minutos,Transporte Particular,Não,Sim,Pública,Biológicas,Sim,Exatas,Não,Não,5,5,Não,Sim,"Jogo tênis, futvôlei, academia e inglês "
5/27/2026 19:49:26,miguelrochamaia@gmail.com,Li e estou de acordo com o TCLE acima.,Particular,Guará,21-40 minutos,Transporte Particular,Não,Sim,Pública,Exatas,Sim,Humanas,Sim,Sim,4,2,Não,Não,
5/27/2026 20:42:35,miguelnemer188@gmail.com,Li e estou de acordo com o TCLE acima.,Particular,Plano Piloto,1-20 minutos,Transporte Particular,Não,Sim,Pública,Exatas,Sim,Saúde,Não,Não,4,2,Sim,Não,
5/27/2026 22:25:19,bellafguimaraesl@gmail.com,Li e estou de acordo com o TCLE acima.,Pública,Riacho Fundo,41 - 60 minutos,Transporte Público,Não,Sim,Pública,Saúde,Sim,Exatas,Não,Não,5,5,Sim,Sim,inglês 
5/27/2026 22:35:14,mariabazuchimagalhaes@gmail.com,Li e estou de acordo com o TCLE acima.,Pública,Ceilândia,Uma hora ou mais,Transporte Público,Não,Sim,Pública,Humanas,Sim,Exatas,Não,Não,5,2,Não,Sim,Jogo futsal pelo time da escola no contraturno 
5/28/2026 3:45:29,ninadesaandrade@gmail.com,Li e estou de acordo com o TCLE acima.,Particular,Águas Claras,1-20 minutos,Transporte Particular,Não,Sim,Pública,Humanas,Sim,Humanas,Sim,Sim,5,3,Sim,Sim,Krav Maga
5/28/2026 13:56:41,judornasg@gmail.com,Li e estou de acordo com o TCLE acima.,Particular,Plano Piloto,1-20 minutos,Transporte Particular,Não,Sim,Pública,Saúde,Sim,Saúde,Não,Não,5,3,Não,Não,
5/28/2026 18:54:46,aninhaleticiasalomaoas@gmail.com,Li e estou de acordo com o TCLE acima.,Particular,Park Way,1-20 minutos,Transporte Particular,Não,Sim,Pública,Humanas,Sim,Humanas,Sim,Sim,5,4,Não,Sim,Aula de língua extrangeira 
5/28/2026 22:13:11,moreiira.sarah@gmail.com,Li e estou de acordo com o TCLE acima.,Pública,Vicente Pires,1-20 minutos,Transporte Particular,Sim,Sim,Pública,Humanas,Não,,Sim,Sim,4,3,Não,Sim,Balé e inglês 
5/28/2026 22:13:30,brunanevesg28@gmail.com,Li e estou de acordo com o TCLE acima.,Pública,Vicente Pires,1-20 minutos,Transporte Particular,Não,Sim,Pública,Saúde,Não,,Não,Não,5,3,Não,Sim,Curso de inglês
5/28/2026 22:14:06,sophiafvasconcellos@gmail.com,Li e estou de acordo com o TCLE acima.,Particular,Vicente Pires,21-40 minutos,Transporte Particular,Não,Sim,Pública,Saúde,Sim,Exatas,Sim,Sim,5,1,Não,Sim,academia e pilates 
5/28/2026 22:19:24,alice2040kk@gmail.com,Li e estou de acordo com o TCLE acima.,Pública,Taguatinga,21-40 minutos,Transporte Público,Não,Sim,Pública,Humanas,Sim,Humanas,Não,Não,5,3,Não,Não,
5/28/2026 22:29:16,miguelitoaraujo2603@gmail.com,Li e estou de acordo com o TCLE acima.,Pública,Guará,1-20 minutos,Transporte Particular,Não,Sim,Pública,Humanas,Não,,Sim,Sim,5,3,Não,Não,
5/28/2026 22:30:27,alessandrorfa@gmail.com,Li e estou de acordo com o TCLE acima.,Pública,Taguatinga,1-20 minutos,Transporte Particular,Não,Sim,Particular,Biológicas,Sim,Exatas,Sim,Sim,5,3,Não,Sim,"CILT, CID de futsal"
5/28/2026 23:56:17,arthutsoftfogo@gmail.com,Li e estou de acordo com o TCLE acima.,Pública,Riacho Fundo II,41 - 60 minutos,Transporte Público,Não,Sim,Pública,Humanas,Não,,Não,Não,4,3,Não,Não,
5/29/2026 14:45:08,juliabaggiobsb@outlook.com,Li e estou de acordo com o TCLE acima.,Particular,Lago Norte,1-20 minutos,Transporte Particular,Não,Sim,Pública,Exatas,Sim,Humanas,Sim,Sim,5,3,Sim,Não,
5/29/2026 17:32:36,lanaclara151@gmail.com,Li e estou de acordo com o TCLE acima.,Pública,Guará,1-20 minutos,Transporte Público,Sim,Sim,Pública,Saúde,Não,,Sim,Sim,5,5,Sim,Não,
5/30/2026 12:45:04,isabelalisboadequeiroz@gmail.com,Li e estou de acordo com o TCLE acima.,Pública,Recanto das Emas,41 - 60 minutos,Transporte Particular,Não,Sim,Pública,Saúde,Sim,Humanas,Não,Não,4,3,Não,Não,
5/31/2026 9:49:48,viniblagrecab@gmail.com,Li e estou de acordo com o TCLE acima.,Particular,Águas Claras,1-20 minutos,Transporte Particular,Não,Sim,Pública,Saúde,Sim,Exatas,Sim,Sim,5,2,Sim,Sim,Eletivas de Inovação (EAI)
5/31/2026 11:33:25,giuliajansen10@gmail.com,Li e estou de acordo com o TCLE acima.,Particular,Taguatinga,1-20 minutos,Transporte Particular,Não,Sim,Pública,Exatas,Sim,Exatas,Sim,Não,5,3,Sim,Não,
5/31/2026 11:38:19,icarotrajano2309@gmail.com,Li e estou de acordo com o TCLE acima.,Pública,Candangolândia,21-40 minutos,Transporte Público,Não,Sim,Pública,Exatas,Não,,Sim,Sim,5,2,Não,Sim,"Jiu-Jitsu, mas participava de Karatê, atletismo, natação e kickbox (no colégio)"
5/31/2026 13:13:24,olibbraunc@gmail.com,Li e estou de acordo com o TCLE acima.,Particular,Plano Piloto,1-20 minutos,Transporte Particular,Não,Sim,Pública,Humanas,Sim,Biológicas,Sim,Sim,5,2,Não,Sim,Esporte
6/1/2026 10:03:25,lucanobrenunes@gmail.com,Li e estou de acordo com o TCLE acima.,Particular,Lago Norte,1-20 minutos,Transporte Particular,Não,Sim,Pública,Exatas,Sim,Exatas,Sim,Sim,5,2,Não,Não,Não
6/1/2026 12:45:55,victoriamacedoqueiroz2009@gmail.com,Li e estou de acordo com o TCLE acima.,Pública,Sobradinho,Uma hora ou mais,Transporte Público,Não,Sim,Pública,Saúde,Não,,Sim,Não,5,3,Não,Sim,"Pratico volei, toco instrumentos na igreja e faço corrida"
6/1/2026 13:30:54,anaclaraalvessantos2009@gmail.com,Li e estou de acordo com o TCLE acima.,Pública,Sobradinho,41 - 60 minutos,Transporte Particular,Não,Sim,Particular,,Sim,,Sim,Sim,5,4,Sim,Sim,Boxe
6/1/2026 13:32:30,guiwarr.1@gmail.com,Li e estou de acordo com o TCLE acima.,Pública,Taguatinga,21-40 minutos,Transporte Público,Não,Sim,Pública,Saúde,Sim,Humanas,Sim,Sim,5,4,Não,Não,
6/1/2026 13:35:03,joaoteixeirapessoal@gmail.com,Li e estou de acordo com o TCLE acima.,Pública,Guará,1-20 minutos,Transporte Particular,Não,Sim,Pública,Saúde,Sim,Humanas,Não,Sim,5,1,Não,Sim,Natação e olimpíadas de redação.
6/1/2026 14:11:39,aalupereira@gmail.com,Li e estou de acordo com o TCLE acima.,Particular,Sobradinho,Uma hora ou mais,Transporte Público,Não,Sim,Pública,Humanas,Sim,Humanas,Não,Não,5,3,Sim,Não,
6/1/2026 16:17:41,saboialoriatomaria@gmail.com,Li e estou de acordo com o TCLE acima.,Pública,Plano Piloto,1-20 minutos,Transporte Particular,Não,Sim,Pública,Saúde,Sim,Exatas,Sim,Sim,5,3,Não,Sim,curso de Francês e cursinho pré ENEM
6/2/2026 9:37:31,bianca.vn2010@gmail.com,Li e estou de acordo com o TCLE acima.,Particular,Vicente Pires,1-20 minutos,Transporte Particular,Não,Sim,Particular,Saúde,Sim,Exatas,Sim,Sim,4,3,Sim,Sim,aula de inglês 
6/11/2026 12:55:31,edubotprojeto@gmail.com,Li e estou de acordo com o TCLE acima.,Pública,Park Way,41 - 60 minutos,Transporte Público,Não,Sim,Pública,,Sim,Saúde,Sim,Não,5,3,Não,Sim,senac
6/11/2026 12:57:24,edubotprojeto@gmail.com,Li e estou de acordo com o TCLE acima.,Pública,Park Way,41 - 60 minutos,Transporte Público,Não,Sim,Pública,Humanas,Sim,Saúde,Sim,Não,5,3,Não,Sim,senac
6/11/2026 12:58:54,edubotprojeto@gmail.com,Li e estou de acordo com o TCLE acima.,Pública,Paronoá,41 - 60 minutos,Transporte Público,Não,Sim,Pública,Humanas,Sim,Exatas,Não,Não,5,5,Sim,Sim,CIL
6/11/2026 13:00:38,edubotprojeto@gmail.com,Li e estou de acordo com o TCLE acima.,Pública,Paronoá,1-20 minutos,Transporte Particular,Não,Sim,Pública,Saúde,Sim,Humanas,Não,Não,5,2,Não,Sim,CIL
6/11/2026 13:01:52,edubotprojeto@gmail.com,Li e estou de acordo com o TCLE acima.,Pública,Itapoã,21-40 minutos,Transporte Público,Sim,Talvez,Pública,Saúde,Não,,Não,Sim,4,5,Sim,Não,
6/11/2026 13:03:03,edubotprojeto@gmail.com,Li e estou de acordo com o TCLE acima.,Pública,São Sebastião,41 - 60 minutos,Transporte Público,Sim,Sim,Particular,Exatas,Sim,Humanas,Sim,Sim,5,3,Sim,Sim,JEDF
6/11/2026 13:05:26,edubotprojeto@gmail.com,Li e estou de acordo com o TCLE acima.,Pública,Itapoã,1-20 minutos,Transporte Particular,Não,Sim,Particular,Exatas,Sim,Exatas,Sim,Sim,5,3,Não,Sim,JEDF
6/11/2026 13:08:06,edubotprojeto@gmail.com,Li e estou de acordo com o TCLE acima.,Pública,Plano Piloto,1-20 minutos,Transporte Particular,Não,Sim,Pública,Saúde,Sim,Humanas,Não,Não,5,5,Sim,Não,
6/11/2026 13:09:15,edubotprojeto@gmail.com,Li e estou de acordo com o TCLE acima.,Pública,Itapoã,Uma hora ou mais,Transporte Particular,Não,Sim,Pública,,Não,,Não,Sim,5,5,Não,Não,
6/11/2026 13:10:22,edubotprojeto@gmail.com,Li e estou de acordo com o TCLE acima.,Pública,Itapoã,41 - 60 minutos,Transporte Público,Não,Talvez,Pública,Exatas,Sim,Exatas,Sim,Não,3,5,Sim,Não,
6/11/2026 13:12:04,edubotprojeto@gmail.com,Li e estou de acordo com o TCLE acima.,Pública,Lago Norte,1-20 minutos,Transporte Público,Não,Sim,Particular,Exatas,Sim,Saúde,Sim,Não,5,5,Sim,Sim,CIL
6/11/2026 13:13:19,edubotprojeto@gmail.com,Li e estou de acordo com o TCLE acima.,Pública,Lago Norte,21-40 minutos,Transporte Público,Não,Sim,Pública,Humanas,Não,,Sim,Sim,5,3,Sim,Sim,
6/11/2026 13:14:36,edubotprojeto@gmail.com,Li e estou de acordo com o TCLE acima.,Pública,Lago Norte,21-40 minutos,Transporte Público,Não,Sim,Pública,Saúde,Sim,Saúde,Sim,Sim,5,3,Não,Sim,Ingles
6/11/2026 13:15:56,edubotprojeto@gmail.com,Li e estou de acordo com o TCLE acima.,Pública,Lago Norte,21-40 minutos,Transporte Público,Não,Sim,Pública,Saúde,Não,,Sim,Sim,5,5,Sim,Sim,Informática
6/11/2026 13:18:48,edubotprojeto@gmail.com,Li e estou de acordo com o TCLE acima.,Pública,Lago Norte,21-40 minutos,Transporte Público,Não,Sim,Pública,Saúde,Sim,Humanas,Sim,Não,5,5,Sim,Sim,Inglês
6/11/2026 13:21:20,edubotprojeto@gmail.com,Li e estou de acordo com o TCLE acima.,Particular,Lago Norte,21-40 minutos,Transporte Público,Não,Sim,Pública,Saúde,Sim,Humanas,Sim,Sim,5,3,Não,Sim,Dança
6/11/2026 13:23:20,edubotprojeto@gmail.com,Li e estou de acordo com o TCLE acima.,Pública,Samambaia,41 - 60 minutos,Transporte Particular,Não,Sim,Pública,Humanas,Sim,Humanas,Não,Não,4,5,Sim,Não,
6/11/2026 13:24:22,edubotprojeto@gmail.com,Li e estou de acordo com o TCLE acima.,Particular,Plano Piloto,1-20 minutos,Transporte Particular,Não,Sim,Pública,Saúde,Sim,Exatas,Não,Não,5,3,Sim,Sim,Dança
6/11/2026 13:31:45,edubotprojeto@gmail.com,Li e estou de acordo com o TCLE acima.,Particular,Plano Piloto,1-20 minutos,Transporte Particular,Não,Sim,Pública,Exatas,Sim,Exatas,Não,Sim,5,2,Não,Sim,Dança
6/15/2026 13:53:41,edubotprojeto@gmail.com,Li e estou de acordo com o TCLE acima.,Particular,Lago Norte,21-40 minutos,Transporte Particular,Não,Sim,Pública,Humanas,Sim,"Humanas, Saúde",Sim,Não,5,3,Sim,Sim,dança
6/15/2026 13:55:56,edubotprojeto@gmail.com,Li e estou de acordo com o TCLE acima.,Pública,Varjão,21-40 minutos,Transporte Público,Não,Sim,Pública,Biológicas,Sim,"Humanas, Saúde",Sim,Sim,5,5,Sim,Sim,"edubot, tecnico em hemoterapia e ingles"
6/15/2026 13:57:37,edubotprojeto@gmail.com,Li e estou de acordo com o TCLE acima.,Particular,Plano Piloto,1-20 minutos,Transporte Particular,Não,Sim,Pública,Saúde,Sim,Humanas,Sim,Não,5,3,Não,Sim,dança
6/15/2026 13:58:57,edubotprojeto@gmail.com,Li e estou de acordo com o TCLE acima.,Pública,Sol Nascente/Pôr do Sol,Uma hora ou mais,Transporte Público,Não,Sim,Pública,Exatas,Não,,Sim,Sim,5,5,Sim,Não,
6/15/2026 14:00:43,edubotprojeto@gmail.com,Li e estou de acordo com o TCLE acima.,Pública,Plano Piloto,1-20 minutos,Transporte Público,Não,Sim,Pública,Saúde,Não,,Sim,Sim,4,4,Sim,Sim,Edubot e outros
6/15/2026 14:02:02,edubotprojeto@gmail.com,Li e estou de acordo com o TCLE acima.,Pública,Paronoá,41 - 60 minutos,Transporte Público,Não,Sim,Pública,Saúde,Sim,"Exatas, Humanas",Sim,Sim,5,3,Não,Sim,volei
6/15/2026 14:03:37,edubotprojeto@gmail.com,Li e estou de acordo com o TCLE acima.,Pública,Planaltina,41 - 60 minutos,Transporte Público,Sim,Sim,Pública,Humanas,Não,,Não,Sim,5,5,Sim,Não,
6/15/2026 14:05:50,edubotprojeto@gmail.com,Li e estou de acordo com o TCLE acima.,Pública,Itapoã,Uma hora ou mais,Transporte Público,Sim,Sim,Pública,Saúde,Não,,Não,Não,5,5,Sim,Sim,
6/15/2026 14:09:02,edubotprojeto@gmail.com,Li e estou de acordo com o TCLE acima.,Pública,Itapoã,Uma hora ou mais,Transporte Público,Não,Sim,Pública,Humanas,Não,,Não,Não,5,5,Sim,Sim,espanhol
6/15/2026 14:10:26,edubotprojeto@gmail.com,Li e estou de acordo com o TCLE acima.,Pública,Paronoá,41 - 60 minutos,Transporte Público,Não,Sim,Particular,Biológicas,Sim,Saúde,Sim,Não,3,4,Sim,Sim,ingles
6/15/2026 14:12:10,edubotprojeto@gmail.com,Li e estou de acordo com o TCLE acima.,Pública,Plano Piloto,1-20 minutos,Transporte Público,Não,Sim,Particular,Exatas,Sim,Exatas,Sim,Sim,5,5,Sim,Não,
6/15/2026 14:13:56,edubotprojeto@gmail.com,Li e estou de acordo com o TCLE acima.,Particular,Águas Claras,1-20 minutos,Transporte Particular,Não,Sim,Particular,Exatas,Sim,Humanas,Sim,Não,5,3,Sim,Não,
6/15/2026 14:15:44,edubotprojeto@gmail.com,Li e estou de acordo com o TCLE acima.,Particular,Taguatinga,1-20 minutos,Transporte Particular,Não,Sim,Pública,Exatas,Sim,Exatas,Sim,Sim,5,1,Não,Sim,"frances, trabalho voluntario, clarinete"
6/15/2026 14:17:13,edubotprojeto@gmail.com,Li e estou de acordo com o TCLE acima.,Particular,Vicente Pires,1-20 minutos,Transporte Público,Não,Sim,Pública,Exatas,Sim,Exatas,Sim,Sim,5,5,Sim,Não,
6/15/2026 14:18:17,edubotprojeto@gmail.com,Li e estou de acordo com o TCLE acima.,Particular,Águas Claras,21-40 minutos,Transporte Público,Não,Sim,Pública,Exatas,Sim,Humanas,Não,Sim,5,3,Sim,Não,
6/15/2026 14:19:58,edubotprojeto@gmail.com,Li e estou de acordo com o TCLE acima.,Particular,Taguatinga,1-20 minutos,Transporte Particular,Não,Sim,Particular,Humanas,Sim,Exatas,Sim,Sim,5,3,Não,Não,
6/15/2026 14:23:24,edubotprojeto@gmail.com,Li e estou de acordo com o TCLE acima.,Particular,Vicente Pires,1-20 minutos,Transporte Público,Não,Sim,Pública,Saúde,Sim,Humanas,Não,Não,5,5,Não,Sim,esportes
6/15/2026 14:24:16,edubotprojeto@gmail.com,Li e estou de acordo com o TCLE acima.,Particular,Águas Claras,1-20 minutos,Transporte Particular,Não,Sim,Pública,Saúde,Sim,Humanas,Não,Não,5,1,Não,Não,
6/15/2026 14:25:43,edubotprojeto@gmail.com,Li e estou de acordo com o TCLE acima.,Particular,Vicente Pires,1-20 minutos,Transporte Particular,Não,Sim,Particular,Exatas,Sim,Humanas,Não,Não,5,5,Sim,Sim,voluntariado
6/15/2026 14:26:57,edubotprojeto@gmail.com,Li e estou de acordo com o TCLE acima.,Particular,Taguatinga,1-20 minutos,Transporte Particular,Não,Sim,Pública,Humanas,Sim,Humanas,Sim,Sim,4,4,Não,Não,
6/15/2026 14:28:05,edubotprojeto@gmail.com,Li e estou de acordo com o TCLE acima.,Pública,Plano Piloto,21-40 minutos,Transporte Particular,Não,Sim,Pública,Exatas,Sim,Saúde,Sim,Sim,5,3,Não,Não,
6/15/2026 14:29:43,edubotprojeto@gmail.com,Li e estou de acordo com o TCLE acima.,Particular,Vicente Pires,1-20 minutos,Transporte Particular,Não,Sim,Particular,Exatas,Sim,Saúde,Sim,Sim,5,4,Não,Sim,Sou irmã mais velha
6/15/2026 14:30:57,edubotprojeto@gmail.com,Li e estou de acordo com o TCLE acima.,Particular,Taguatinga,1-20 minutos,Transporte Particular,Não,Sim,Pública,Humanas,Sim,Exatas,Sim,Sim,5,5,Sim,Sim,ingles
6/15/2026 14:32:10,edubotprojeto@gmail.com,Li e estou de acordo com o TCLE acima.,Particular,Plano Piloto,1-20 minutos,Transporte Particular,Não,Sim,Pública,Exatas,Sim,"Exatas, Saúde",Não,Sim,5,3,Não,Não,
6/15/2026 14:33:55,edubotprojeto@gmail.com,Li e estou de acordo com o TCLE acima.,Particular,Plano Piloto,21-40 minutos,Transporte Público,Não,Sim,Pública,Exatas,Sim,Saúde,Sim,Não,4,3,Não,Não,
6/15/2026 14:34:54,edubotprojeto@gmail.com,Li e estou de acordo com o TCLE acima.,Particular,Plano Piloto,1-20 minutos,Transporte Particular,Não,Sim,Pública,Humanas,Sim,Humanas,Sim,Sim,5,3,Sim,Sim,xadrez
6/15/2026 14:36:44,edubotprojeto@gmail.com,Li e estou de acordo com o TCLE acima.,Particular,Taguatinga,1-20 minutos,Transporte Particular,Não,Sim,Pública,Exatas,Sim,"Exatas, Humanas",Sim,Sim,5,4,Sim,Não,
6/15/2026 14:40:46,edubotprojeto@gmail.com,Li e estou de acordo com o TCLE acima.,Particular,Lago Norte,1-20 minutos,Transporte Particular,Não,Sim,Pública,Exatas,Sim,"Exatas, Humanas",Não,Não,5,1,Não,Sim,ingles
6/15/2026 14:41:54,edubotprojeto@gmail.com,Li e estou de acordo com o TCLE acima.,Particular,Plano Piloto,1-20 minutos,Transporte Particular,Não,Sim,Pública,Exatas,Sim,"Exatas, Biológicas",Não,Não,5,3,Não,Sim,esporte
6/15/2026 14:43:55,edubotprojeto@gmail.com,Li e estou de acordo com o TCLE acima.,Particular,Sobradinho,1-20 minutos,Transporte Particular,Não,Sim,Particular,Exatas,Sim,"Exatas, Biológicas",Sim,Sim,5,3,Não,Sim,ingles
6/15/2026 14:45:11,edubotprojeto@gmail.com,Li e estou de acordo com o TCLE acima.,Particular,Plano Piloto,1-20 minutos,Transporte Particular,Não,Sim,Pública,Exatas,Sim,Exatas,Sim,Sim,5,4,Não,Sim,"escalada, canto guitarra"
6/15/2026 14:46:13,edubotprojeto@gmail.com,Li e estou de acordo com o TCLE acima.,Particular,Plano Piloto,1-20 minutos,Transporte Particular,Não,Sim,Pública,Exatas,Sim,Humanas,Sim,Sim,5,4,Não,Sim,basquete
6/15/2026 14:47:13,edubotprojeto@gmail.com,Li e estou de acordo com o TCLE acima.,Pública,Samambaia,Uma hora ou mais,Transporte Público,Não,Sim,Pública,Exatas,Sim,Humanas,Não,Sim,5,3,Não,Sim,ingles
6/15/2026 14:48:41,edubotprojeto@gmail.com,Li e estou de acordo com o TCLE acima.,Particular,Vicente Pires,1-20 minutos,Transporte Particular,Não,Sim,Pública,Saúde,Sim,Humanas,Sim,Não,4,2,Não,Não,
6/15/2026 14:49:54,edubotprojeto@gmail.com,Li e estou de acordo com o TCLE acima.,Particular,Plano Piloto,1-20 minutos,Transporte Particular,Não,Sim,Pública,Humanas,Sim,Humanas,Sim,Sim,4,4,Sim,Sim,esporte
6/15/2026 14:51:39,edubotprojeto@gmail.com,Li e estou de acordo com o TCLE acima.,Particular,Plano Piloto,1-20 minutos,Transporte Público,Não,Sim,Particular,Exatas,Sim,Saúde,Não,Não,4,3,Não,Não,
6/15/2026 14:57:46,edubotprojeto@gmail.com,Li e estou de acordo com o TCLE acima.,Particular,Plano Piloto,1-20 minutos,Transporte Particular,Não,Sim,Pública,Exatas,Sim,Humanas,Não,Não,5,4,Sim,Não,
6/18/2026 12:32:39,edubotprojeto@gmail.com,Li e estou de acordo com o TCLE acima.,Pública,Sobradinho II,21-40 minutos,Transporte Particular,Não,Talvez,Particular,Humanas,Sim,Exatas,Não,Sim,1,2,Sim,Sim,esporte
6/18/2026 12:34:54,edubotprojeto@gmail.com,Li e estou de acordo com o TCLE acima.,Pública,Plano Piloto,1-20 minutos,Transporte Público,Não,Talvez,Particular,Saúde,Sim,Saúde,Sim,Sim,5,5,Sim,Sim,faculdade
6/18/2026 12:35:51,edubotprojeto@gmail.com,Li e estou de acordo com o TCLE acima.,Pública,Paronoá,41 - 60 minutos,Transporte Público,Sim,Sim,Particular,Exatas,Não,,Não,Não,4,4,Sim,Não,
6/18/2026 12:36:55,edubotprojeto@gmail.com,Li e estou de acordo com o TCLE acima.,Pública,Sobradinho II,21-40 minutos,Transporte Público,Não,Talvez,Pública,Humanas,Sim,Saúde,Não,Sim,4,3,Sim,Sim,curso de adm e moda
6/18/2026 12:37:59,edubotprojeto@gmail.com,Li e estou de acordo com o TCLE acima.,Pública,Varjão,21-40 minutos,Transporte Público,Não,Sim,Particular,Exatas,Não,,Não,Não,5,5,Sim,Não,
6/18/2026 12:39:09,edubotprojeto@gmail.com,Li e estou de acordo com o TCLE acima.,Pública,Varjão,1-20 minutos,Transporte Público,Não,Sim,Particular,Saúde,Sim,Humanas,Sim,Sim,5,3,Sim,Não,
6/18/2026 12:40:14,edubotprojeto@gmail.com,Li e estou de acordo com o TCLE acima.,Pública,Varjão,21-40 minutos,Transporte Público,Não,Talvez,Particular,Exatas,Não,,Sim,Não,5,5,Sim,Não,
6/18/2026 12:41:27,edubotprojeto@gmail.com,Li e estou de acordo com o TCLE acima.,Pública,Varjão,1-20 minutos,Transporte Público,Sim,Sim,Pública,Humanas,Sim,Saúde,Não,Não,5,5,Sim,Sim,curso do trabalho
6/18/2026 12:42:46,edubotprojeto@gmail.com,Li e estou de acordo com o TCLE acima.,Pública,Varjão,21-40 minutos,Transporte Público,Sim,Sim,Particular,Humanas,Sim,Humanas,Não,Não,5,5,Sim,Sim,curso de capacitação teorica
6/18/2026 12:44:22,edubotprojeto@gmail.com,Li e estou de acordo com o TCLE acima.,Pública,Varjão,21-40 minutos,Transporte Público,Sim,Sim,Particular,Saúde,Não,,Não,Não,5,5,Sim,Sim,curso de informatica e adm
6/18/2026 12:45:42,edubotprojeto@gmail.com,Li e estou de acordo com o TCLE acima.,Pública,Varjão,1-20 minutos,Transporte Público,Não,Sim,Pública,Humanas,Não,,Sim,Não,4,4,Sim,Não,
6/18/2026 12:46:42,edubotprojeto@gmail.com,Li e estou de acordo com o TCLE acima.,Pública,Varjão,1-20 minutos,Transporte Público,Sim,Sim,Pública,Biológicas,Sim,Exatas,Sim,Não,4,4,Sim,Não,
6/18/2026 12:48:28,edubotprojeto@gmail.com,Li e estou de acordo com o TCLE acima.,Pública,Varjão,21-40 minutos,Transporte Público,Não,Talvez,,Humanas,Não,,Não,Não,5,5,Sim,Não,
6/18/2026 12:59:46,edubotprojeto@gmail.com,Li e estou de acordo com o TCLE acima.,Pública,Varjão,21-40 minutos,Transporte Público,Sim,Talvez,Pública,Humanas,Sim,Humanas,Sim,Não,4,4,Sim,Não,
6/18/2026 13:00:50,edubotprojeto@gmail.com,Li e estou de acordo com o TCLE acima.,Pública,Plano Piloto,1-20 minutos,Transporte Público,Não,Sim,Pública,Humanas,Não,,Sim,Sim,5,2,Sim,Sim,tecnico em contabilidade
6/18/2026 13:02:22,edubotprojeto@gmail.com,Li e estou de acordo com o TCLE acima.,Pública,Taguatinga,41 - 60 minutos,Transporte Público,Não,Talvez,Pública,Humanas,Não,,Não,Não,5,4,Sim,Sim,curso de contabilidade
6/18/2026 13:03:43,edubotprojeto@gmail.com,Li e estou de acordo com o TCLE acima.,Pública,Planaltina,41 - 60 minutos,Transporte Particular,Não,Sim,Pública,Saúde,Não,,Não,Não,5,4,Sim,Sim,analise clinica senac
6/18/2026 13:05:17,edubotprojeto@gmail.com,Li e estou de acordo com o TCLE acima.,Pública,Recanto das Emas,41 - 60 minutos,Transporte Particular,Sim,Não,,,Sim,Saúde,Sim,Sim,3,4,Sim,Sim,trabalho
6/18/2026 13:06:11,edubotprojeto@gmail.com,Li e estou de acordo com o TCLE acima.,Pública,Sobradinho,21-40 minutos,Transporte Público,Não,Sim,Pública,Exatas,Não,,Não,Não,4,4,Sim,Não,
6/18/2026 13:08:35,edubotprojeto@gmail.com,Li e estou de acordo com o TCLE acima.,Pública,Sobradinho,1-20 minutos,Transporte Particular,Não,Sim,Particular,Exatas,Não,,Não,Sim,4,3,Não,Sim,cil
6/18/2026 13:09:49,edubotprojeto@gmail.com,Li e estou de acordo com o TCLE acima.,Pública,Varjão,21-40 minutos,Transporte Público,Sim,Sim,Pública,Humanas,Não,,Não,Sim,5,5,Sim,Sim,cil senac
6/18/2026 13:11:51,edubotprojeto@gmail.com,Li e estou de acordo com o TCLE acima.,Pública,Riacho Fundo,Uma hora ou mais,Transporte Público,Não,Sim,Pública,Exatas,Sim,Saúde,Não,Não,5,5,Sim,Sim,tecnico em adm
6/18/2026 13:12:55,edubotprojeto@gmail.com,Li e estou de acordo com o TCLE acima.,Pública,Lago Norte,1-20 minutos,Transporte Público,Não,Sim,Pública,Biológicas,Sim,"Exatas, Saúde",Não,Não,5,4,Sim,Sim,capoeira e dança
6/18/2026 13:13:53,edubotprojeto@gmail.com,Li e estou de acordo com o TCLE acima.,Pública,Paronoá,Uma hora ou mais,Transporte Público,Sim,Sim,Pública,Humanas,Sim,Exatas,Não,Não,5,5,Sim,Não,
6/18/2026 13:38:02,edubotprojeto@gmail.com,Li e estou de acordo com o TCLE acima.,Pública,Plano Piloto,1-20 minutos,Transporte Público,Não,Sim,Pública,Humanas,Não,,Sim,Sim,5,3,Sim,Sim,cil
6/18/2026 13:39:02,edubotprojeto@gmail.com,Li e estou de acordo com o TCLE acima.,Pública,Varjão,1-20 minutos,Transporte Público,Não,Sim,Pública,Saúde,Não,,Sim,Sim,5,3,Não,Não,
6/18/2026 13:39:54,edubotprojeto@gmail.com,Li e estou de acordo com o TCLE acima.,Pública,Plano Piloto,1-20 minutos,Transporte Público,Não,Sim,Particular,Humanas,Sim,Humanas,Sim,Não,4,3,Não,Não,
6/18/2026 13:41:11,edubotprojeto@gmail.com,Li e estou de acordo com o TCLE acima.,Pública,Varjão,21-40 minutos,Transporte Particular,Não,Sim,Pública,Humanas,Sim,Exatas,Sim,Não,5,3,Sim,Sim,capoeira e informatica
6/18/2026 13:42:21,edubotprojeto@gmail.com,Li e estou de acordo com o TCLE acima.,Pública,Plano Piloto,1-20 minutos,Transporte Público,Não,Sim,Pública,Humanas,Não,,Não,Não,5,5,Não,Não,
6/18/2026 13:43:49,edubotprojeto@gmail.com,Li e estou de acordo com o TCLE acima.,Pública,Varjão,1-20 minutos,Transporte Particular,Não,Sim,Pública,Humanas,Sim,Exatas,Sim,Sim,5,4,Não,Sim,cil
6/18/2026 13:44:44,edubotprojeto@gmail.com,Li e estou de acordo com o TCLE acima.,Pública,Planaltina,21-40 minutos,Transporte Público,Não,Sim,Pública,Humanas,Não,,Não,Não,5,4,Não,Sim,dança
6/18/2026 13:45:32,edubotprojeto@gmail.com,Li e estou de acordo com o TCLE acima.,Pública,Plano Piloto,1-20 minutos,Transporte Público,Não,Sim,Pública,Humanas,Sim,Exatas,Não,Não,5,3,Não,Não,
6/22/2026 10:18:03,ciolinat@gmail.com,Li e estou de acordo com o TCLE acima.,Pública,Jardim Botânico,1-20 minutos,Transporte Particular,Não,Sim,Particular,Humanas,Sim,"Exatas, Humanas",Não,Não,5,4,Sim,Não,
6/22/2026 10:18:27,lohansousa571@gmail.com,Li e estou de acordo com o TCLE acima.,Pública,Águas Claras,21-40 minutos,Transporte Particular,Não,Sim,Pública,Saúde,Sim,Humanas,Não,Sim,5,1,Não,Não,
6/22/2026 10:19:41,lucasvilelalucasvilela@gmail.com,Li e estou de acordo com o TCLE acima.,Pública,Jardim Botânico,21-40 minutos,Transporte Público,Não,Sim,Pública,Exatas,Sim,Exatas,Não,Não,5,4,Sim,Não,
6/22/2026 10:19:57,gabdias200609@gmail.com,Li e estou de acordo com o TCLE acima.,Pública,Plano Piloto,1-20 minutos,Transporte Particular,Não,Sim,Pública,Humanas,Sim,"Humanas, Saúde",Sim,Sim,5,2,Não,Sim,"Simulações da ONU, tênis, Grêmio estudantil, inglês, cursinho. "
6/22/2026 10:20:30,anthea.arl@gmail.com,Li e estou de acordo com o TCLE acima.,Pública,Guará,21-40 minutos,Transporte Particular,Sim,Sim,Pública,Exatas,Sim,"Exatas, Humanas",Não,Não,5,5,Sim,Não,
6/22/2026 10:20:33,mvieiradejesus651@gmail.com,Li e estou de acordo com o TCLE acima.,Pública,Itapoã,Uma hora ou mais,Transporte Particular,Não,Talvez,Pública,Humanas,Não,,Não,Não,5,5,Sim,Não,
6/22/2026 10:20:53,luanysousab@gmail.com,Li e estou de acordo com o TCLE acima.,Pública,Guará,21-40 minutos,Transporte Particular,Sim,Sim,Pública,Saúde,Sim,Humanas,Sim,Não,5,1,Não,Sim,Debate. 
6/22/2026 10:20:54,isaaz.aslz25@gmail.com,Li e estou de acordo com o TCLE acima.,Pública,Guará,21-40 minutos,Transporte Particular,Sim,Sim,Particular,Saúde,Sim,Humanas,Não,Não,5,5,Sim,Não,
6/22/2026 10:21:59,axmorvit@gmail.com,Li e estou de acordo com o TCLE acima.,Pública,Lago Sul,21-40 minutos,Transporte Particular,Sim,Sim,Pública,Humanas,Sim,Saúde,Sim,Sim,5,4,Sim,Sim,"Esportes, dança, artes, música e acadêmicas (como clube de leitura e redação) "
6/22/2026 10:22:31,ryan2025mosc@gmail.com,Li e estou de acordo com o TCLE acima.,Pública,Lago Sul,21-40 minutos,Transporte Particular,Não,Sim,Pública,Exatas,Não,,Não,Sim,5,3,Não,Sim,Centro Interescolar de Línguas ( CIL )
6/22/2026 10:23:28,heitortavaressardela@gmail.com,Li e estou de acordo com o TCLE acima.,Pública,Plano Piloto,21-40 minutos,Transporte Particular,Não,Sim,Pública,Exatas,Sim,"Exatas, Humanas",Sim,Sim,5,2,Não,Sim,Centro Interescolar de Linguas 01
6/22/2026 10:25:39,estervalentini141@gmail.com,Li e estou de acordo com o TCLE acima.,Pública,São Sebastião,41 - 60 minutos,Transporte Público,Não,Sim,Pública,Humanas,Sim,"Humanas, Biológicas",Não,Não,5,4,Sim,Sim,"Sim, curso técnico do Senac e vôlei no COP(Centro olímpico e paralímpico de São Sebastião)."
6/22/2026 10:31:22,angelinasales119@gmail.com,Li e estou de acordo com o TCLE acima.,Pública,São Sebastião,1-20 minutos,Transporte Público,Não,Sim,Pública,Humanas,Não,,Não,Não,5,5,Sim,Sim,Inglês e crisma.
6/22/2026 11:24:29,jpedrodasilva0708@gmail.com,Li e estou de acordo com o TCLE acima.,Pública,Vicente Pires,21-40 minutos,Transporte Particular,Não,Sim,Particular,Humanas,Sim,Humanas,Não,Não,5,5,Não,Não,
6/22/2026 11:24:31,joaozinho031010@gmail.com,Li e estou de acordo com o TCLE acima.,Pública,Cruzeiro,21-40 minutos,Transporte Particular,Não,Sim,Pública,Saúde,Sim,Saúde,Não,Sim,4,3,Sim,Sim,"futebol, jiu jitsu"
6/22/2026 11:24:45,alliecamposlima@gmail.com,Li e estou de acordo com o TCLE acima.,Pública,Águas Claras,Uma hora ou mais,Transporte Público,Não,Sim,Pública,Exatas,Sim,"Exatas, Humanas, Saúde, Biológicas",Sim,Sim,4,2,Sim,Não,
6/22/2026 11:26:06,sousagean308@gmail.com,Li e estou de acordo com o TCLE acima.,Pública,Park Way,21-40 minutos,Transporte Público,Sim,Sim,Pública,Exatas,Não,Exatas,Sim,Sim,5,3,Sim,Sim,"Futebol,curso de inglês,arte marcial "
6/22/2026 11:26:19,izasantos101509@gmail.com,Li e estou de acordo com o TCLE acima.,Pública,Santa Maria,Uma hora ou mais,Transporte Público,Não,Sim,Pública,Saúde,Sim,"Exatas, Humanas",Não,Sim,5,1,Sim,Não,
6/22/2026 11:26:20,arkinanna0@gmail.com,Li e estou de acordo com o TCLE acima.,Pública,Lago Sul,1-20 minutos,Transporte Particular,Sim,Sim,Particular,Humanas,Sim,Saúde,Sim,Sim,3,2,Sim,Não,
6/22/2026 11:26:21,mariajuliamonteiro305@gmail.com,Li e estou de acordo com o TCLE acima.,Pública,Jardim Botânico,21-40 minutos,Transporte Público,Não,Sim,Pública,Humanas,Não,,Sim,Sim,5,5,Sim,Não,
6/22/2026 11:26:25,lucascanelhas1610@gmail.com,Li e estou de acordo com o TCLE acima.,Pública,Plano Piloto,1-20 minutos,Transporte Particular,Sim,Sim,Pública,Exatas,Sim,Exatas,Sim,Sim,5,3,Sim,Sim,"Resumos de projetos, redações e atividades extras"
6/22/2026 11:26:39,ryanlucasleitao0@gmail.com,Li e estou de acordo com o TCLE acima.,Pública,São Sebastião,Uma hora ou mais,Transporte Público,Não,Sim,Pública,Exatas,Sim,Exatas,Não,Não,5,5,Sim,Não,
6/22/2026 11:26:39,corralerosamuel16@gmail.com,Li e estou de acordo com o TCLE acima.,Pública,Lago Norte,41 - 60 minutos,Transporte Público,Não,Sim,Pública,Exatas,Sim,"Exatas, Humanas",Sim,Sim,5,2,Não,Sim,Inglês no CIL 01 e prático Kung Fu
6/22/2026 11:26:40,benny472963@estudante.se.df.gov.br,Li e estou de acordo com o TCLE acima.,Pública,Paronoá,21-40 minutos,Transporte Público,Não,Sim,Pública,Saúde,Não,,Não,Sim,5,2,Não,Sim,Curso de programação e voltarei ao Espanhol 
6/22/2026 11:26:42,bela.serpan@gmail.com,Li e estou de acordo com o TCLE acima.,Pública,Lago Sul,21-40 minutos,Transporte Público,Não,Sim,Pública,Exatas,Sim,Exatas,Não,Não,5,2,Não,Não,
6/22/2026 11:26:45,caiosantos13102010@gmail.com,Li e estou de acordo com o TCLE acima.,Pública,Jardim Botânico,21-40 minutos,Transporte Público,Não,Sim,Pública,Exatas,Não,,Não,Não,5,3,Sim,Não,
6/22/2026 11:27:02,vmrf8811@gmail.com,Li e estou de acordo com o TCLE acima.,Pública,São Sebastião,41 - 60 minutos,Transporte Público,Não,Sim,Pública,Humanas,Sim,"Exatas, Humanas, Saúde",Sim,Sim,5,2,Sim,Não,
6/22/2026 11:27:05,amanda321158@gmail.com,Li e estou de acordo com o TCLE acima.,Pública,Itapoã,41 - 60 minutos,Transporte Público,Não,Sim,Pública,Humanas,Não,,Não,Não,4,3,Não,Sim,Curso de inglês 
6/22/2026 11:27:08,reginapereira030178@gmail.com,Li e estou de acordo com o TCLE acima.,Pública,Paronoá,Uma hora ou mais,Transporte Público,Sim,Sim,Pública,Saúde,Sim,"Humanas, Saúde",Não,Sim,4,5,Sim,Sim,SENAC
6/22/2026 11:27:16,arthurfellype16@gmail.com,Li e estou de acordo com o TCLE acima.,Pública,Itapoã,21-40 minutos,Transporte Público,Não,Talvez,Pública,Humanas,Sim,Exatas,Sim,Não,5,5,Sim,Não,
6/22/2026 11:27:35,dantemeninocv@gmail.com,Li e estou de acordo com o TCLE acima.,Pública,Jardim Botânico,21-40 minutos,Transporte Particular,Não,Sim,Pública,Humanas,Sim,Saúde,Sim,Sim,4,2,Não,Sim,"Capoeira, escoteiro e skate "
6/22/2026 11:27:39,lc7017625@gmail.com,Li e estou de acordo com o TCLE acima.,Pública,Águas Claras,Uma hora ou mais,Transporte Público,Não,Sim,Pública,Humanas,Sim,Saúde,Sim,Sim,3,4,Sim,Não,
6/22/2026 11:27:49,natk1227@gmail.com,Li e estou de acordo com o TCLE acima.,Pública,Jardim Botânico,1-20 minutos,Transporte Particular,Não,Sim,Particular,Exatas,Não,,Sim,Sim,4,5,Sim,Não,
6/22/2026 11:27:54,isabela.bsb2011@gmail.com,Li e estou de acordo com o TCLE acima.,Pública,Plano Piloto,1-20 minutos,Transporte Particular,Não,Sim,Pública,Exatas,Sim,Exatas,Sim,Sim,5,1,Não,Não,
6/22/2026 11:28:07,morinishibia@gmail.com,Li e estou de acordo com o TCLE acima.,Pública,Lago Sul,21-40 minutos,Transporte Público,Não,Sim,Pública,Humanas,Sim,Exatas,Sim,Sim,5,3,Não,Sim,Estágio Senac e Curso
6/22/2026 11:28:28,siqueiraalannacaramelo@gmail.com,Li e estou de acordo com o TCLE acima.,Pública,Jardim Botânico,21-40 minutos,Transporte Público,Não,Talvez,Pública,Humanas,Sim,Saúde,Sim,Sim,2,3,Sim,Não,Não 
6/22/2026 11:28:38,mariasenc4545@gmail.com,Li e estou de acordo com o TCLE acima.,Pública,Itapoã,1-20 minutos,Transporte Público,Não,Sim,Particular,Biológicas,Não,,Sim,Não,5,5,Sim,Sim,Senac 
6/22/2026 11:29:37,eduardovidrib@gmail.com,Li e estou de acordo com o TCLE acima.,Pública,Jardim Botânico,21-40 minutos,Transporte Público,Não,Sim,Pública,Humanas,Sim,"Humanas, Biológicas",Sim,Não,5,2,Não,Não,
6/22/2026 11:29:50,mariasenc4545@gmail.com,Li e estou de acordo com o TCLE acima.,Pública,Itapoã,1-20 minutos,Transporte Público,Não,Sim,Particular,Saúde,Não,,Sim,Não,5,5,Sim,Sim,Senac 
6/22/2026 11:30:45,chissolatchissola@gmail.com,Li e estou de acordo com o TCLE acima.,Pública,Plano Piloto,41 - 60 minutos,Transporte Público,Não,Sim,Pública,Exatas,Sim,Exatas,Sim,Não,5,3,Sim,Não,Nenhuma 
6/22/2026 11:32:31,agathasou36@gmail.com,Li e estou de acordo com o TCLE acima.,Pública,São Sebastião,Uma hora ou mais,Transporte Público,Não,Sim,Pública,Saúde,Não,,Não,Sim,5,5,Sim,Sim,Informática