Você fez ensino superior? ,"Se sim, qual curso?",Seu ensino superior foi em uma instituição particular ou pública?,Você trabalhou durante sua graduação? (Estágio não é considerado dentro dessa pergunta),Atualmente você atua dentro da sua área de formação?,Você acha que a sua participação nas aulas do projeto te incentivaram a perseguir um ensino superior?,Tem contato com robótica atualmente?,"Se tem contato com robótica, o quanto as aulas durante o ensino médio facilitaram as execução das tarefas realizadas hoje? ",Tem contato com programação atualmente?,"Se tem contato com programação, o quanto as aulas durante o ensino médio facilitaram as execução das tarefas realizadas hoje? ",O quanto você considera que as aulas do projeto te ajudaram a lidar melhor com novas tecnologias? ,O quanto você considera que as aulas do projeto te ajudaram a trabalhar em equipe? ,Pretendia trabalhar logo após se formar no ensino médio?,Em qual Região Adiministrativa você morava durante o seu ensino médio?,Qual meio de transporte você utilizava para ir a escola durante seu ensino médio?,Quanto tempo você levava para ir a escola durante seu ensino médio?,Você participou de projetos de extensão durante seu curso superior?,Você trabalhava durante seu ensino médio?,Você foi o primeiro a concluir o ensino superior na sua família?
Sim,Engenharia Mecatrônica,Pública,Sim,Sim,5,Sim,4,Sim,5,4,3,Sim,Águas Claras,Transporte Particular,41 - 60 minutos,Sim,Não,Não
Em andamento,engenharia de software ,Pública,Não,Ainda não me formei,5,Não,,Sim,3,4,4,Sim,Santa Maria,Transporte Público,1-20 minutos,Não fiz ensino superior,Sim,Não
Em andamento,Física Bacharelado,Pública,Não,Ainda não me formei,5,Não,,Sim,5,5,5,Não,Plano Piloto,Transporte Particular,1-20 minutos,Não,Não,Não
Não,,Não se aplica,Não,Ainda não me formei,4,Não,,Sim,4,4,4,Não,Cruzeiro,Transporte Público,Uma hora ou mais,Não fiz ensino superior,Não,Não fiz ensino superior
Em andamento,Engenharia Química,Pública,Não,Ainda não me formei,4,Não,,Não,,4,4,Não,Plano Piloto,Transporte Particular,1-20 minutos,Não,Não,Não
Sim,Engenharia de Software ,Pública,Não,Sim,5,Não,3,Sim,5,5,5,Não,Gama,Transporte Público,Uma hora ou mais,Sim,Não,Sim
Sim,Engenharia Eletrônica,Pública,Sim,Sim,5,Sim,3,Sim,3,3,3,Sim,Gama,Transporte Particular,1-20 minutos,Sim,Não,Não
Em andamento,Engenharia de software,Pública,Não,Ainda não me formei,5,Sim,4,Sim,4,4,3,Não,Gama,Transporte Público,21-40 minutos,Sim,Não,Não fiz ensino superior
Não,,Não se aplica,Não,Ainda não me formei,3,Não,4,Não,3,4,4,Sim,Santa Maria,Transporte Público,41 - 60 minutos,Não fiz ensino superior,Não,Não fiz ensino superior
Sim,Design Grafico,Particular,Sim,Sim,3,Não,,Sim,1,1,3,Não,Plano Piloto,Transporte Público,1-20 minutos,Sim,Não,Não
Sim,Letras Inglês - Bacharel,Pública,Sim,Sim,5,Não,,Sim,5,5,5,Não,Lago Norte,Transporte Público,41 - 60 minutos,Sim,Não,Não
Sim,Gestão de Negócios,Particular,Sim,Sim,5,Não,,Sim,4,4,5,Sim,Gama,Transporte Público,1-20 minutos,Não,Não,Não
Em andamento,Administração ,Pública,Sim,Ainda não me formei,5,Não,4,Não,,5,5,Sim,Plano Piloto,Transporte Público,Uma hora ou mais,Não,Não,Não